Metode,MSE,MAPE
Decision Tree,92.83575757575757,53.177577010334645
Random Forest,102.75232323232325,57.029416607442734
SVR,971.583907820206,117.93656395612423
